"question_no","question","1","2","3","4"
"01.","निम्नलिखित में से कौन से सात बड़ी बिल्लियाँ हैं जिन्हें अंतर्राष्ट्रीय बिग कैट एलायंस (IBCA) संरक्षित करने का लक्ष्य रखता है?","बाघ, शेर, तेंदुआ, हिम तेंदुआ, चीता, जगुआर और प्यूमा","बाघ, शेर, तेंदुआ, हिम तेंदुआ, तेंदुआ, कौगर और लिंक्स","शेर, तेंदुआ, हिम तेंदुआ, चीता, जगुआर, प्यूमा और कौगर","बाघ, शेर, तेंदुआ, तेंदुआ, हिम तेंदुआ, जगुआर और लिंक्स"
"02.","फरीदाबाद में 38वां सूरजकुंड अंतर्राष्ट्रीय शिल्प मेले का आयोजन में थीम स्टेट कौन होगा?","झारखंड और मध्य प्रदेश","उड़ीसा और मध्य प्रदेश","छत्तीसगढ़ और मध्य प्रदेश","उड़ीसा और राजस्थान"
"03.","किस भारतीय-अमेरिकी ने एल्बम 'त्रिवेणी' के लिए बेस्ट न्यू एज, एम्बिएंट या चैंट एल्बम श्रेणी में ग्रैमी पुरस्कार जीता है?","चंद्रिका टंडन","बियॉन्से लॉरेंस","रिकी केज","अनुष्का शंकर"
"04.","चिकित्सा प्रयोगशाला प्रौद्योगिकी और स्वास्थ्य सेवा नवाचार से जुड़े 24वीं मेडलैब मिडिल ईस्ट प्रदर्शनी का आयोजन कहाँ किया गया है?","रियाद","कतर","दुबई","शारजाह"
"05.","भारतीय सेना और राष्ट्रीय रक्षा बल के बीच 13वां संयुक्त सैन्य अभ्यास 'एकुवेरिन' शुरू हो गया है।","मालदीव","नेपाल","भूटान","म्यांमार"
"06.","किस देश कि फास्ट-फैशन ब्रांड शीन एप 5 साल बाद भारत में लॉन्च हुई है?","जर्मनी","चीन","फ्रांस","इटली"
"07.","वर्ल्ड पैरा-आर्म रेसलिंग कप 2025 में भारत के नंबर वन पैरा-एथलीट श्रीमंत झा ने कौन सा मेडल जीता है?","स्वर्ण पदक","रजत पदक","कांस्य पदक","NOTA"
"08.","वित्त मंत्री निर्मला सीतारमण ने 2025 तक लगातार कितने बजट पेश किए हैं?","छह","सात","आठ","नौ"
"09.","आकाशवाणी ने शास्त्रीय संगीत श्रृंखला 'हर कंठ में भारत' के लिए किस मंत्रालय के साथ हाथ मिलाया है?","संस्कृति मंत्रालय","दूरसंचार मंत्रालय","पर्यटन मंत्रालय","शिक्षा मंत्रालय"
"10.","नागरिक उड्डयन मंत्रालय के तहत नागरिक उड्डयन सुरक्षा ब्यूरो (BCAS) के महानिदेशक (DG) के रूप में किसे नियुक्त किया गया है?","राजेश निर्वाण","देवजीत सैकिया","प्रभतेज सिंह भाटिया","आशीष शेलार"
"11.","नई दिल्ली विश्व पुस्तक प्रदर्शनी 2025 का उद्घाटन किसने किया ?","राष्ट्रपति श्रीमती द्रौपदी मुर्मू","प्रधानमंत्री नरेंद्र मोदी","उपराष्ट्रपति जगदीप धनकर","गृह मंत्री अमित शाह"
"12.","‘चक्रीय अर्थव्यवस्था पर राष्ट्रीय कार्यशाला' का आयोजन कहाँ किया गया है ?","नई दिल्ली","जयपुर","इंदौर","जैसलमेर"
"13.","अमेरिकी राष्ट्रपति डोनाल्ड ट्रम्प ने 1 फरवरी से कनाडा और मेक्सिको के अलावा अन्य किस देश पर एक्स्ट्रा टैरिफ लगा दिया है?","जापान","चीन","पनामा","भारत"
"14.","देश का पहले वर्टिकल लिफ्टअप ब्रिज का ट्रेन ट्रायल कहाँ हुआ है?","रामेश्वरम","हुगली","श्रीनगर","पुरी"
"15.","'स्वरेल' सुपरऐप का शुभारंभ किसके द्वारा किया गया है?","रेल मंत्रालय","गृह मंत्रालय","शिक्षा मंत्रालय","कृषि मंत्रालय"
"16.","7-14 फरवरी 2025 तक 9वें एशियाई शीतकालीन खेलों की मेजबानी कौन सा देश करेगा?","जापान","चीन","पनामा","भारत"
"17.","और स्मृति मंधाना को 2023-24 में अच्छे प्रदर्शन के लिए महिला और पुरुष कैटेगरी में सर्वश्रेष्ठ इंटरनेशनल क्रिकेटर के लिए पॉली उमरीगर अवॉर्ड दिया जाएगा।","रोहित शर्मा","विराट कोहली","अभिषेक शर्मा","जसप्रीत बुमराह"
"18.","कॉमनवेल्थ गेम्स के स्वर्ण पदक विजेता मनोज कुमार ने संन्यास लेने की घोषणा की है, उनका संबध किस क्षेत्र से है?","हॉकी","मुक्केबाज","बैडमिंटन","शतरंज"
"19.","हाल ही में जोड़े गए नए रामसर स्थलों के संदर्भ में ग़लत मिलान कि पहचान कीजिए -","तमिलनाडु - सक्करकोट्टई पक्षी अभयारण्य","तेलंगाना - थेर्थंगल पक्षी अभयारण्य","सिक्किम - खेचोपलरी आर्द्रभूमि","झारखंड - उधवा झील"
"20.","अफ्रीका महाद्वीप में त्वचा और आंखों की गंभीर बीमारी ऑन्कोसेरसियासिस को खत्म करने वाला पहला देश कौन बना है?","कोलंबिया","इक्वाडोर","ग्वाटेमाला","नाइजर"
"21.","भारत की पहली हाइड्रोजन-ट्रांसपोर्ट पाइप विकसित की करने वाली कंपनी कौन बन गई है?","टाटा स्टील","JSW","Adani Energy","Reliance Energy"
"22.","पहला रायसीना मध्य पूर्व सम्मेलन, 28 और 29 जनवरी 2025 को कहाँ आयोजित किया गया ?","रियाद","कतर","शारजाह","अबू धाबी"
"23.","5 घंटे 26 मिनट की स्पेसवॉक (अंतरिक्ष में चहलकदमी) पूरी कर स्पेसवॉक का नया रिकॉर्ड किसने बनाया है ?","बुच विल्मोर","सुनीता विलियम्स","पैगी व्हिटसन","जेफ बेजोस"
"24.","'गरिमा से मृत्यु का अधिकार' लागू करने वाला भारत का पहला राज्य कौन बन गया है?","तमिलनाडु","तेलंगाना","कर्नाटक","केरेला"
"25.","आर्थिक सर्वेक्षण 2024-25 के अनुसार वित् वर्ष 2025-26 में भारत की GDP का वृद्धि दर कितना रहने का अनुमान है?","6.3-6.8%","6.6-6.8%","6.9-7.8%","7.3-6.8%"
"26.","हाल ही में किस इंडियन एयरफोर्स (IAF) कैप्टन ऑफिसर को नासा के एग्जियम मिशन के लिए चुना गया है?","पैगी व्हिटसन","शुभांशु शुक्ला","अंगद प्रताप","अजीत कृष्णन"
"27.","हाल ही में किस पूर्व भारतीय क्रिकेटर को BCCI लाइफटाइम अचीवमेंट अवार्ड प्रदान किया गया है ?","Saurav Ganguly","Rahul dravid","Anil Kumble","Sachiin Tendulkar"
"28.","हाल ही में गृह मंत्रालय ने सूखा प्रभावित इलाकों के लिए कितने की परियोजनाएं मंजूर की है?","1,027.86 करोड़ रुपए","2,027.86 करोड़ रुपए","3,027.86 करोड़ रुपए","4,027.86 करोड़ रुपए"
"29.","किस देश को पराजित कर भारत ने आईसीसी अंडर-19 महिला टी-20 क्रिकेट विश्व कप का खिताब जीत लिया है?","श्रीलंका","दक्षिण अफ्रीका","बांग्लादेश","पाकिस्तान"
"30.","टाटा स्टील मास्टर्स 2025 का खिताब किसने जीता है?","विज्क आन ज़ी","आर. प्रज्ञाननंदा","डी. गुकेश","विश्वनाथन आनंद"
"31.","खेलो इंडिया विंटर गेम्स 2025 के संदर्भ में कथनों पर विचार कीजिए- 1. खेलो इंडिया विंटर गेम्स (KIWG) 2025 का आयोजन लेह, लद्दाख में हुआ। 2. लद्दाख ने कुल 7 पदक (4 स्वर्ण सहित) जीतकर पदक तालिका में पहला स्थान हासिल किया। 3. तमिलनाडु, महाराष्ट्र पदक तालिका में क्रमश: दूसरे और तीसरे स्थान पर रहा। उपर्युक्त कथनों में से कौन सा/से सत्य है/हैं?","केवल 1","केवल 1 और 2","केवल 2 और 3","उपरोक्त मे से सभी सही है।"
"32.","निम्नलिखित में से ग़लत मिलान को पहचानिए-","3 फरवरी - विश्व वेटलैंड्स दिवस विश्व कैंसर दिवस","4 फरवरी - विश्व कैंसर दिवस","2 फरवरी - रुमेटॉइड आर्थराइटिस जागरूकता दिवस","6 फरवरी - महिला जननांग विकृति के प्रति शून्य सहनशीलता का अंतर्राष्ट्रीय दिवस"
"33.","बार्ट डी वेवर ने किस देश के नए प्रधानमंत्री के रूप में शपथ ली है?","ब्राज़ील","बेल्जियम","जर्मनी","फ्रांस"
"34.","ट्रुथटेल हैकाथॉन चैलेंज की घोषणा किसके द्वारा किया गया है?","सूचना एवं प्रसारण मंत्रालय","संस्कृति मंत्रालय","गृह मंत्रालय","शिक्षा मंत्रालय"
"35.","भारत ने वर्ष 2025 के लिए संयुक्त राष्ट्र के नियमित बजट में कितना का योगदान दिया है?","32.64 मिलियन डॉलर","37.64 मिलियन डॉलर","47.64 मिलियन डॉलर","57.64 मिलियन डॉलर"
"36.","दुनिया में सबसे बड़ा मोबाइल विनिर्माण करने वाला देश कौन बन गया है?","भारत","चीन","अमेरिका","ताइवान"
"37.","4 फरवरी को मनाए जाने वाले विश्व कैंसर दिवस 2025 का विषय क्या है?","कैंसर के खिलाफ लड़ाई","सभी के लिए कैंसर जागरूकता","यूनाइटेड बाय यूनिक","कैंसर मुक्त दुनिया"
"38.","एआई एवरीथिंग ग्लोबल सम्मेलन का आयोजन कहाँ किया गया है?","रियाद","कतर","शारजाह","अबू धाबी"
"39.","राष्ट्रपति डोनाल्ड ट्रम्प ने फरवरी 2025 में किस अंतर्राष्ट्रीय संगठन से संयुक्त राज्य अमेरिका के हटने की घोषणा की?","विश्व स्वास्थ्य संगठन (WHO)","संयुक्त राष्ट्र शैक्षिक, वैज्ञानिक और सांस्कृतिक संगठन (यूनेस्को)","संयुक्त राष्ट्र मानवाधिकार परिषद (UNHRC)","अंतर्राष्ट्रीय मुद्रा कोष (IMF)"
"40.","किस राज्य में स्थित 'पीएमश्री गवर्मेंट सीनियर सेकेंडरी स्कूल' को मिला ग्रीन स्कूल रेटिंग का पुरस्कार दिया गया है ?","सिक्किम","केरल","असम","गोवा"
"41.","दिल्ली में कितने साल बाद भाजपा की सत्ता में वापसी हो रही है?","27 साल","28 साल","23 साल","20 साल"
"42.","बिम्सटेक युवा शिखर सम्मेलन 2025 का आयोजन 7 से 11 फरवरी 2025 तक में होगा।","दिल्ली","भुबनेश्वर","गांधीनगर","जयपुर"
"43.","थिएटर लेवल ऑपरेशनल एक्सरसाइज (ट्रोपेक्स) 2025 का उद्देश्य क्या है?","भारतीय नौसेना के मुख्य युद्ध कौशल को मान्य करना","साइबर सिक्योरिटी के सुधार","व्यापार मार्गों की सुरक्षा","नागरिक सुरक्षा की क्षमता बढ़ाने के लिए"
"44.","केंद्रीय मंत्रिमंडल ने राष्ट्रीय सफाई कर्मचारी आयोग (NCSK) के कार्यकाल को कितने साल के लिए बढ़ा दिया है?","3","4","5","6"
"45.","केंद्र सरकार ने किन 3 कौशल विकास की योजनाओं को मिलाकर एक स्किल इंडिया प्रोग्राम बनाने का फैसला किया है, जो एक केंद्रीय योजना होगी?","प्रधानमंत्री कौशल विकास योजना 4.0 (PMKVVY 4.0)","प्रधानमंत्री नेशनल अप्रेंटिस प्रमोशन स्कीम (PM-NAPS)","जन शिक्षण संस्थान (JSS) योजना","all three"
"46.","इंटरनेशनल क्रिकेट काउंसिल यानी ICC ने 7 फरवरी को चैंपियंस ट्रॉफी 2025 का कौन सा ऑफिशियल सॉन्ग रिलीज किया?","जीतो बाजी खेल के","जीत लो खेल","क्रिकेट का महाकुंभ","चैम्पियन का जलवा"
"47.","पाकिस्तान फुटबॉल फेडरेशन को फ़ीफ़ा ने क्यों निलंबित किया है?","संविधान में संशोधन करने में विफलता के कारण","खिलाड़ियों के दुर्व्यवहार के कारण","खेल मैदानों को मानकों को पूरा नहीं करने के कारण","टूर्नामेंट में नहीं खेलने के कारण"
"48.","संयुक्त राष्ट्र महासभा के 79वें सत्र के अध्यक्ष कौन हैं जो फरवरी 2025 में भारत की यात्रा पर आए हैं?","एंटोनियो गुटेरेस","फिलेमोन यांग","बान की मून","कोफी अन्नान"
"49.","हाल ही में, किस राज्य की सरकार ने भारत की पहली AI University बनाने की घोषणा की है?","महाराष्ट्र","राजस्थान","गुजरात","कर्नाटक"
"50.","मिसेज वर्ल्ड 2025 की विजेता त्सेगो गेलई किस देश का प्रतिनिधित्व करती हैं?","Sri Lanka","United States","South Africa","Thailand"
"51.","सूर्य नमस्कार': किस राज्य की शिक्षा विभाग ने नया विश्व रिकॉर्ड बनाया है?","सिक्किम","केरल","असम","राजस्थान"
"52.","रक्षा मंत्रालय ने भारतीय सेना के पिनाका मल्टी-लॉन्चर रॉकेट सिस्टम के लिए किसके साथ की दो बड़ी डील पर साइन किए हैं?","इकोनॉमिक एक्सप्लोसिव्स लिमिटेड","भारत डायनामिक्स लिमिटेड","भेल","डीआरडीओ"
"53.","किस केंद्रीय मंत्री ने हाइब्रिड मोड में राष्ट्रीय स्तर के जन संपर्क अभियान 'वाटरशेड यात्रा' का शुभारंभ किया है ?","गजेंद्र सिंह शेखावत","शिवराज सिंह चौहान","गिरिराज सिंह","अमित शाह"
"54.","किस राज्य ने 'बेटी बचाओ बेटी पढ़ाओ' योजना के तहत ""निर्भया कढ़ी"" (निडर कली), ""मो गेल्हा जिया"" (मेरी प्यारी बेटी), ""कल्पना अभिजान"", ""स्वर्ण कालिका"" और ""वीरांगना योजना"" लागू की है?","झारखंड","ओडिशा","असम","राजस्थान"
"55.","16 फरवरी से इंटरनेशनल बर्ड फेस्टिवल का आयोजन कहाँ किया जाएगा ?","prayagraj","अयोध्या","नई दिल्ली","मुंबई"
"56.","भारत ने सौर ऊर्जा उत्पादन क्षमता को कितना बढ़ा कर एक ऐतिहासिक उपलब्धि हासिल की है?","50 गीगावाट","100 गीगावाट","300 गीगावाट","400 गीगावाट"
"57.","भारतीय कला इतिहास कांग्रेस के संदर्भ में निम्नलिखित कथनों पर विचार कीजिए- 1. भारतीय कला इतिहास कांग्रेस का 32वां सत्र नोएडा में शुरू हो रहा है। 2. प्रधानमंत्री नरेंद्र मोदी तीन दिवसीय कार्यक्रम का उद्घाटन करेंगे। 3. इस वर्ष के आयोजन का विषय है-“कला और संस्कृति में भारतीय महाकाव्यों का योगदान”। उपर्युक्त कथनों में से कौन सा/से सत्य है/हैं?","केवल 1","केवल 1 और 3","केवल 2 और 3","उपरोक्त मे से सभी सही है।"
"58.","करीब पांच वर्ष बाद भारतीय रिजर्व बैंक ने नीतिगत रेपो रेट में कटौती कर कितना कर दिया है?","6.50%","6.25%","3.35%","6%"
"59.","डिजिटल फ्रॉड रोकने के लिए 'बैंकडॉटइन' और 'फिनडॉटइन' डोमेन कि शुरुआत किसने किया है ?","सेबी","आरबीआई","IREDA","NOTA"
"60.","ने 6 फरवरी को चीन के AI चैटबॉट DeepSeek को सभी सरकारी डिवाइसेज से बैन कर दिया है।","ऑस्ट्रेलिया","भारत","जापान","अमेरिका"
"61.","अंतर्राष्ट्रीय चर्म एक्सपो (डीआईएलईएक्स) 2025 का आयोजन कहाँ किया गया है?","अहमदाबाद","अयोध्या","नई दिल्ली","मुंबई"
"62.","“शतावरी – बेहतर स्वास्थ्य के लिए” अभियान की शुरुआत किस मंत्रालय द्वारा किया गया है?","ayush mantralay","संस्कृति मंत्रालय","गृह मंत्रालय","शिक्षा मंत्रालय"
"63.","सेना की पूर्वी कमान के मुख्यालय 'फोर्ट विलियम' का नाम बदलकर क्या कर दिया गया है ?","वैभव दुर्ग","विजय दुर्ग","सिंधु दुर्ग","रवि दुर्ग"
"64.","IT मंत्री अश्विनी वैष्णव ने किस कंपनी के CEO सैम अल्टमैन से मुलाकात की है?","OpenAI","DeepSeek","Generative ai","Blackbox ai"
"65.","किस देश से भारत को S-400 एयर डिफेंस सिस्टम का चौथा स्क्वाड्रन साल 2025 के अंत तक मिल सकता है?","फ्रांस","रूस","जापान","अमेरिका"
"66.","किस देश की पार्लियामेंट ने सख्त घृणा - विरोधी अपराध कानून पारित किया है?","australia","रूस","जापान","अमेरिका"
"67.","किस देश में पुरुषों, ट्रांसजेंडर महिलाओं तथा लड़कियों को महिला वर्ग के खेलों में भाग लेने से रोकने संबंधी आदेश लागू हुआ है?","फ्रांस","रूस","जापान","अमेरिका"
"68.","किस देश ने अंतर्राष्ट्रीय अपराध न्यायालय पर प्रतिबंध लगाने से संबंधित कार्यकारी आदेश पर लागू कर दिया है ?","फ्रांस","रूस","जापान","अमेरिका"
"69.","भारत किस वर्ष चंद्रयान-4 मिशन लॉन्च करेगा?","2025","2026","2027","2028"
"70.","जनजाति संस्कृतिक समागम-2025 का आयोजन कहाँ पर शुरू हुआ है?","अयोध्या","प्रयागराज","नई दिल्ली","मुंबई"
"71.","हाल ही में अमेरिका के बाद अब किस देश ने भी WHO से बाहर निकलने का फैसला किया है?","अर्जेंटीना","फ्रांस","रूस","जापान"
"72.","पाकिस्तान चीन के चांग' ए-8 चंद्र मिशन में शामिल हुआ। यह मिशन वर्ष प्रक्षेपित किया जाएगा?","2025","2026","2027","2028"
"73.","किस देश के वैज्ञानिकों ने एक ऐतिहासिक सफलता हासिल करते हुए पहली बार इन विट्रो फर्टिलाइजेशन (IVF) तकनीक का उपयोग करके कंगारू भ्रूणतैयार किए हैं?","ऑस्ट्रेलिया","रूस","जापान","अमेरिका"
"74.","किस देश ने आधिकारिक रूप से चीन की बेल्ट एंड रोड इनिशिएटिव (BRI) से बाहर होने की घोषणा की है ?","रूस","जापान","अमेरिका","पनामा"
"75.","एकीकृत स्वास्थ्य समाधान के लिए यूनानी चिकित्सा में नवाचार - आगे का रास्ता” विषय के साथ यूनानी दिवस कब मनाया गया?","11 फरवरी","12 फरवरी","13 फरवरी","14 फरवरी"
"76.","अगले AI एक्शन समिट की मेजबानी कौन सा देश करेगा?","फ्रांस","भारत","जापान","अमेरिका"
"77.","भारत ऊर्जा सप्ताह 2025 का उद्घाटन किसने किया है?","जगदीप धनकर","द्रौपदी मुरमू","श्री नरेन्द्र मोदी","अमित शाह"
"78.","भारत और किस देश के बीच संयुक्त विशेष बल अभ्यास साइक्लोन का तीसरा संस्करण राजस्थान के महाजन फील्ड फायरिंग रेंज में शुरू हुआ?","miasra","कतर","कुवैत","सऊदी अरब"
"79.","लोकसभा अध्यक्ष ने संसद में कितनी ई भाषाओं में अनुवाद सेवाओं के विस्तार की घोषणा की है?","5","6","7","8"
"80.","विश्व सरकार शिखर सम्मेलन में वैश्विक उत्कृष्ट एम-गाँव पुरस्कार-2025 में भारत ने कौन सा पुरस्कार जीता है?","स्वर्ण पदक","रजत पदक","कांस्य पदक","NOTA"
"81.","आईसीसी 'डोनेट ऑर्गन सेव लाइफ्स' (Donate Organs, Save Lives) पहल का आयोजन कहाँ किया गया है?","दिल्ली","अहमदाबाद","मुंबई","चेन्नई"
"82.","ओलंपिक ईस्पोर्ट्स गेम्स 2027 का आयोजन कहाँ किया जाएगा?","सऊदी अरब","संयुक्त अरब एमिरेट्स","भारत","अमेरिका"
"83.","एयरो इंडिया 2025 के 15वें संस्करण का उद्घाटन किसके द्वारा किया गया है?","जगदीप धनकर","द्रौपदी मुरमू","श्री नरेन्द्र मोदी","राजनाथ सिंह"
"84.","अमरीका के राष्ट्रपति डोनाल्ड ट्रम्प ने स्टील और एल्युमीनियम आयात पर कितना प्रतिशत शुल्क लगाने के आदेश पर हस्ताक्षर किए हैं?","10%","15%","20%","25%"
"85.","केन्द्रीय मंत्री डॉ. जितेन्द्र सिंह ने सृजनम का शुभारंभ किया है, यह क्या है?","जैव अपशिष्ट कचरा निस्तारण उपकरण","वायु प्रदूषण निस्तारण उपकरण","परमाणु कचरा निस्तारण उपकरण","ठोस अपशिष्ट कचरा निस्तारण उपकरण"
"86.","संयुक्त सैन्य अभ्यास ‘विंग्ड रेडर' में किसने भाग लिया है?","भारतीय थल सेना","भारतीय वायु सेना","भारतीय तटरक्षक बल","1&2 दोनों"
"87.","केंद्रीय स्वास्थ्य मंत्री श्री जगत प्रकाश नड्डा ने लिम्फेटिक फाइलेरिया के उन्मूलन के लिए इस बीमारी से चिन्हित राज्यों मैं राष्ट्रीय सार्वजनिक औषधि वितरण अभियान का शुभारंभ किया है।","10","11","12","13"
"88.","प्रधानमंत्री नरेन्द्र मोदी ने कहा है कि भारत और अमरीका ने वर्ष 2030 तक द्विपक्षीय व्यापार को दोगुना कर कितना करने का निर्णय लिया है?","200 अरब डॉलर","300 अरब डॉलर","400 अरब डॉलर","500 अरब डॉलर"
"89.","मानवयुक्त पनडुब्बी मत्स्य 6000 किया जा रहा है विकसित, तक बनने की संभावना है।","2025","2026","2027","2028"
"90.","पांच दिवसीय पूर्वोत्तर एकता महोत्सव का आयोजन 15 फरवरी से कहाँ होने जा रहा है ?","गुवाहाटी","दिल्ली","मुंबई","कोलकाता"
"91.","पंकज आडवाणी ने 36वीं बार राष्ट्रीय बिलियर्ड्स खिताब जीता लिया है। उनका संबंध किस खेल से है ?","टेनिस","स्नूकर","निशानेबाजी","बैडमिंटन"
"92.","खेल उद्योग समाचार साइट स्पोर्टिको के अनुसार, 2024 में दुनिया में सबसे अधिक वेतन पाने वाला एथलीट कौन था?","क्रिस्टियानो रोनाल्डो","स्टीफन करी","टायसन फ्यूरी","लियोनेल मेस्सी"
"93.","भ्रष्टाचार धारणा सूचकांक (CPI) के संदर्भ में निम्नलिखित कथनों पर विचार कीजिए- 1. भारत 38 के स्कोर के साथ 96वें स्थान पर है। 2. इसे गैर-सरकारी संगठन ट्रांसपेरेंसी इंटरनेशनल द्वारा वर्ष 1995 से प्रतिवर्ष प्रकाशित किया जाता है। 3. भारत के पड़ोसियों में पाकिस्तान (135), श्रीलंका (121) और बांग्लादेश (149) की रैंकिंग सबसे खराब रही, जबकि चीन 76वें स्थान पर रहा। उपर्युक्त कथनों में से कौन सा/से सत्य है/हैं?","केवल 1","केवल 1 और 3","केवल 2 और 3","उपरोक्त मे से सभी सही है।"
"94.","संयुक्त राज्य अमेरिका और भारत के बीच सौदे में कौन सा उन्नत लड़ाकू जेट शामिल है?","F-16 फाइटिंग फाल्कन","F-22 रैप्टर","F-35 लाइटनिंग II","F/A-18 सुपर हॉर्नेट"
"95.","‘रेडियो और जलवायु परिवर्तन' विषय पर विश्व रेडियो दिवस (WRD) कब मनाया गया?","11 फरवरी","12 फरवरी","13 फरवरी","14 फरवरी"
"96.","फरवरी 2025 में प्रधानमंत्री मोदी ने फ्रांस में किस नए राजनयिक मिशन का उद्घाटन किया?","ल्योन में भारतीय दूतावास","मार्सिले में भारतीय वाणिज्य दूतावास","बोर्डो में भारतीय व्यापार कार्यालय","नीस में भारतीय सांस्कृतिक केंद्र"
"97.","भारत ने किस देश के साथ नवाचार वर्ष 2026 की शुरुआत की और हिंद-प्रशांत क्षेत्र में सहयोग को और मजबूत किया है?","फ्रांस","यूक्रेन","यूएसए","जर्मनी"
"98.","भविष्य की सरकारों को आकार देना' विषय के साथ 12वें विश्व सरकार शिखर सम्मेलन का आयोजन कहाँ किया है?","मुंबई","दुबई","अबूधाबी","ओमान"
"99.","14वां एशियाई मत्स्य पालन और जलीय कृषि फोरम की बैठक, 12-14 फरवरी 2025 तक कहाँ आयोजित किया गया ?","मुंबई","नई दिल्ली","जयपुर","अहमदाबाद"
"100.","किस देश ने दक्षिण चीन सागर के गहरे पानी में पहले 'अंतरिक्ष केन्द्र' के निर्माण को स्वीकृति दे दी है?","चीन","ताइवान","ब्रुनेई","फिलीपींस"
"101.","गंगारामया नवम पेराहेरा वार्षिक उत्सव का आयोजन कहाँ किया जा रहा है?","मलेशिया","फिलीपींस","श्रीलंका","बांग्लादेश"
"102.","हाल ही में गुइलेन-बैरे सिंड्रोम ख़बरों में था, इससे मानव शरीर में कैसा परिवर्तन आता है?","मस्तिष्क कमजोर होने लगती है।","हड्डियां कमजोर होने लगती है।","मांसपेशी कमजोर होने लगती है।","शरीर की नसें कमजोर होने लगती है।"
"103.","भारत का मुख्य चुनाव आयुक्त (सीईसी) किसे नियुक्त किया गया है?","विवेक जोशी","ज्ञानेश कुमार","मनीष कौशिक सिंह","राजीव कुमार"
"104.","म्युचुअल क्रेडिट गारंटी योजना के संदर्भ में निम्नलिखित कथनों पर विचार कीजिए- 1. केंद्र सरकार ने बड़े उद्योग स्थापित करने के लिए यह योजना शुरू की है 2. प्रधानमंत्री ने योजना की शुरुआत मुंबई से योजना की शुरुआत की है। 3. इसके अंतर्गत उद्यमी को प्लांट और मशीनरी के लिए 100 करोड़ रुपये तक कर्ज प्राप्त कर सकते हैं। उपर्युक्त कथनों में से कौन सा/से सत्य है/हैं?","केवल 1","केवल 1 और 3","केवल 2 और 3","उपरोक्त मे से सभी सही है।"
"105.","मत्स्य-6000 ने देश की किस पीढ़ी की गहरे समुद्र में चलने वाली पनडुब्बी का परीक्षण पूरा कर लिया है?","प्रथम","द्वितीय","तृतीय","चौथे"
"106.","ब्रिटिश अकादमी फिल्म पुरस्कार 2025 के संदर्भ में निम्नलिखित कथनों पर विचार कीजिए- 1. कॉन्क्लेव' को सर्वश्रेष्ठ फिल्म के लिए पुरस्कार मिला। 2. 'एमिलिया पेरेज' ने सर्वश्रेष्ठ विदेशी भाषा की फिल्म का पुरस्कार जीता। 3. एड्रियन ब्रॉडी ने 'द ब्रूटलिस्ट' के लिए और मिकी मैडिसन ने 'अनोरा' के लिए सर्वश्रेष्ठ अभिनेता और अभिनेत्री का खिताब जीता है। उपर्युक्त कथनों में से कौन सा/से सत्य है/हैं?","केवल 1","केवल 1 और 3","केवल 2 और 3","उपरोक्त मे से सभी सही है।"
"107.","'नो मनी फॉर टेरर"" विषय पर चौथे मंत्रिस्तरीय सम्मेलन में भारत का नेतृत्व किसने किया है ?","अमित शाह","गिरिराज सिंह","नित्यानद राय","जी किशन रेड्डी"
"108.","'नक्शा' पायलट कार्यक्रम का शुभारंभ किसने किया है?","अमित शाह","गिरिराज सिंह","शिवराज सिंह चौहान","जी किशन रेड्डी"
"109.","'मलेशिया खाद्य एवं सांस्कृतिक महोत्सव-2025' का भव्य शुभारंभ कहाँ हुआ है?","जयपुर","मुंबई","भुबनेश्वर","नई दिल्ली"
"110.","स्पोर्टस्टार एसेस अवार्ड्स 2025 ने स्पोर्टस्टार ऑफ द ईयर पुरुष और महिला किसे चुना है?","पीआर श्रीजेश और मनु भाकर","प्रवीण कुमार और मनु भाकर","पीआर श्रीजेश और स्मिता मांधना","जसप्रीत बुमराह और मनु भाकर"
"111.","एशियाई शीतकालीन खेल 2025 में कौनसा देश शीर्ष पर रहा?","भारत","चीन","नेपाल","मलेशिया"
"112.","राष्ट्रीय जनजातीय महोत्सव 'आदि महोत्सव' का उद्घाटन किसने किया है?","जगदीप धनकर","द्रौपदी मुरमू","श्री नरेन्द्र मोदी","राजनाथ सिंह"
"113.","इंटरनेशनल फ्लीट रिव्यू 2025 और बहुपक्षीय नौसैनिक अभ्यास कोमोडो में भाग लेने के लिए किस देश में पहुँचा है?","इंडोनेशिया","मलेशिया","थाईलैंड","ओमान"
"114.","भारत और के बीच संयुक्त सैन्य अभ्यास 'धर्म गार्जियन (संरक्षक)' का छठा संस्करण 25 फरवरी से 9 मार्च तक आयोजित किया जाएगा।","जापान","इंडोनेशिया","मलेशिया","थाईलैंड"
"115.","8वां हिंद महासागर सम्मेलन इंडिया फाउंडेशन द्वारा कहाँ आयोजित किया जा रहा है?","इंडोनेशिया","मलेशिया","थाईलैंड","ओमान"
"116.","किस कंपनी ने 50,000 किलोमीटर की लंबाई के अंडरसी केबल प्रोजेक्ट 'वाटरवर्थ' का ऐलान किया है?","मेटा","गूगल","माइक्रोसॉफ्ट","ऐपल"
"117.","यूनाइटेड नेशंस ग्लोबल कॉम्पैक्ट नेटवर्क इंडिया (UN GCNI) द्वारा 'फॉरवर्ड फास्टर सस्टेनेबिलिटी अवार्ड 2025' से किसे सम्मानित किया गया है?","सेल","गेल","एनटीपीसी","इसरो"
"118.","हाल ही में प्रकाशित पुस्तक ""द न्यू आइकन: सावरकर एंड द फैक्ट्स"" और 'वर्शिपिंग फॉल्स गॉड्सः अंबेडकर एंड द फैक्ट्स विच हैव बीन इरेज़्ड' के लेखक कौन हैं?","अमिताभ कांत","अमिताभ घोष","अरुण शौरी","सलमान रुश्दी"
"119.","किस देश में जुरासिक युग (लगभग 149 मिलियन वर्ष पूर्व) के दो पक्षी जीवाश्म खोजे गए हैं?","भारत","चीन","नेपाल","मलेशिया"
"120.","भारत टेक्स 2025 का आयोजन कहाँ किया गया है?","नई दिल्ली","मुंबई","अहमदाबाद","जयपुर"
"121.","भारत ने पारंपरिक चिकित्सा गुणवत्ता आश्वासन को मजबूत करने के लिए किस देश के साथ समझौते पर हस्ताक्षर किए हैं?","indonesia","सऊदी अरब","नेपाल","मलेशिया"
"122.","""राज्यों में पंचायतों को हस्तांतरण की स्थिति - एक सांकेतिक साक्ष्य आधारित रैंकिंग"" रिपोर्ट में कौन सा राज्य शीर्ष पर है?","कर्नाटक","केरल","तमिलनाडु","उत्तर प्रदेश"
"123.","हार्टफुलनेस भगवान बुद्ध त्रि-सेवा मोटरसाइकिल अभियान में कौन सा देश शामिल नहीं है?","नेपाल","भारत","श्रीलंका","थाईलैंड"
"124.","इंडी हाट का आयोजन कहाँ किया गया है?","नई दिल्ली","मुंबई","अहमदाबाद","जयपुर"
"125.","38वें राष्ट्रीय खेलों के के संदर्भ में निम्नलिखित कथनों पर विचार कीजिए- 1. उद्घाटन प्रधानमंत्री नरेन्द्र मोदी ने 28 जनवरी को नई दिल्ली में किया था। 2. 38वें ग्रीष्मकालीन राष्ट्रीय खेलों का शुभंकर मौली था। 3. तीनों सेनाओं की संयुक्त टीम ने कुल 121 पदक जीतकर शीर्ष स्थान हासिल किया है। उपर्युक्त कथनों में से कौन सा/से सत्य है/हैं?","केवल 1","केवल 1 और 3","केवल 2 और 3","उपरोक्त मे से सभी सही है।"
"126.","2025 पैरा तीरंदाजी एशिया कप-विश्व रैंकिंग प्रतियोगिता में भारत किस स्थान पर रहा?","प्रथम","द्वितीय","तृतीय","चौथे"
"127.","दिल्ली की नई मुख्यमंत्री के रूप में किसने शपथ लिया है?","श्रीमती रेखा गुप्ता","आतिशी सिंह","अरविंद केजरीवाल","प्रवेश वर्मा"
"128.","भारत और ने लिथियम का पता लगाने एवं खनन संबंधी समझौता ज्ञापन पर हस्ताक्षर किए हैं।","चीन","अर्जेंटीना","थाईलैंड","ऑस्ट्रेलिया"
"129.","9वीं एशिया आर्थिक वार्ता कहाँ आयोजित की जा रही है?","नई दिल्ली","मुंबई","अहमदाबाद","पुणे"
"130.","समुद्री सुरक्षा प्रदर्शनी -नेवडेक्स 2025 का आयोजन कहाँ किया गया है?","रियाद","अबू धाबी","दुबई","मस्कट"
"131.","हाल ही में किसे यूके की मानद नाइटहुड से सम्मानित किया गया है?","रतन टाटा","ललित मोदी","नवीन जिंदल","एन चंद्रशेखरन"
"132.","प्रधानमंत्री नरेन्द्र मोदी मॉरिशस के 57वें राष्ट्रीय दिवस समारोह में मुख्य अतिथि होंगे। मॉरीशस में हर वर्ष किस दिन मनाया जाता है?","10 मार्च","11 मार्च","12 मार्च","13 मार्च"
"133.","प्रधानमंत्री नरेन्द्र मोदी का प्रधान सचिव द्वितीय किसे नियुक्त किया गया है?","शक्तिकांत दास","मधबी पूरी ब्बूच","डॉ वी नारायणन","विवेक रामास्वामी"
"134.","तीन दिवसीय 'पूसा कृषि विज्ञान मेला 2025' का उद्घाटन किसने किया है?","जगदीप धनकर","द्रौपदी मुरमू","श्री नरेन्द्र मोदी","शिवराज सिंह चौहान"
"135.","ग्रीन मेट्रो सिस्टम पर 5वां अंतर्राष्ट्रीय सम्मेलन - शहरी गतिशीलता का भविष्य' कहाँ आयोजित किया गया?","नई दिल्ली","मुंबई","अहमदाबाद","पुणे"
"136.","वैश्विक ब्रांड धारणा अध्ययन 'द फ्यूचरब्रांड इंडेक्स 2024' के अनुसार, वैश्विक रैंकिंग में कौन सी कंपनी शीर्ष स्थान पर है?","सैमसंग","रिलायंस इंडस्ट्रीज","Apple","Nike"
"137.","किसके द्वारा स्कूल ऑफ अल्टीमेट लीडरशिप (सोल) लीडरशिप कॉन्क्लेव के पहले संस्करण का उद्घाटन किया गया?","जगदीप धनकर","द्रौपदी मुरमू","श्री नरेन्द्र मोदी","शिवराज सिंह चौहान"
"138.","किसके द्वारा नई दिल्ली में 98वें अखिल भारतीय मराठी साहित्य सम्मेलन का उद्घाटन किया गया है?","जगदीप धनकर","द्रौपदी मुरमू","श्री नरेन्द्र मोदी","डॉ जितेंद्र सिंह"
"139.","दूसरा अखिल भारतीय राज्य जल मंत्रियों का सम्मेलन कहाँ आयोजित किया गया था?","नई दिल्ली","मुंबई","अहमदाबाद","उदयपुर"
"140.","2024 बीबीसी वर्ष की सर्वश्रेष्ठ भारतीय महिला खिलाड़ी किसे चुना है?","स्मृति मांधना","निशानेबाज मनु भाकर","आकाश पाल","पोयमंती बैस्य"
"141.","मुख्य आर्थिक सलाहकार डॉक्टर वी. अनंत नागेश्वरन का कार्यकाल कब तक के लिए बढ़ा दिया गया है?","2026","2027","2028","2030"
"142.","जी-20 विदेश मंत्रियों की बैठक कहाँ आयोजित किया गया?","जोहान्सबर्ग","रियो डी जेनेरियो","ब्रासीलिया","पेरिस"
"143.","पांच वर्ष में डेढ हजार सिविल सेवा अधिकारियों को प्रशिक्षित करने के लिए भारत सरकार ने किस देश के साथ समझौता ज्ञापन किया है?","बांग्लादेश","श्रीलंका","नेपाल","पाकिस्तान"
"144.","तटीय सुरक्षा बढ़ाने के लिए कहाँ पर में सैन्य अभ्यास 'जल-थल-रक्षा 2025' आयोजित किया गया है?","तमिल नाडु","कर्नाटक","केरेला","गुजरात"
"145.","हाल ही में हुई जनगणना के अनुसार भारत के किस राज्य में गिद्धों की संख्या सबसे अधिक है?","राजस्थान","गुजरात","मध्य प्रदेश","महाराष्ट्र"
"146.","कौन सा देश क्षेत्रीय बंगाल की खाड़ी (बीओबी) कार्यक्रम अंतर-सरकारी संगठन का अध्यक्ष बन गया है?","बांग्लादेश","भारत","नेपाल","श्रीलंका"
"147.","केंद्रीय गृह मंत्री ने में पश्चिमी क्षेत्रीय परिषद की बैठक की 27वीं बैठक की अध्यक्षता की है।","दिल्ली","हैदराबाद","जयपुर","पुणे"
"148.","28वें वार्षिक ग्रेट बैकयार्ड बर्ड काउंट (GBBC) के दौरान कौन सा राज्य लगातार तीसरे वर्ष भारत की पक्षी गणना में अग्रणी रहा है?","पश्चिम बंगाल","उत्तराखंड","असम","कर्नाटक"
"149.","किस राज्य के वन प्रबंधन परियोजना (NFMP) को वन पारिस्थितिकी तंत्र में सुधार और आय सृजन में सहायता के लिए प्रतिष्ठित SKOCH पुरस्कार 2024 से सम्मानित किया गया?","उत्तराखंड","असम","कर्नाटक","नागालैंड"
"150.","ओपेक + समूह में प्रमुख तेल निर्यातक देशों में शामिल होगा।","इटली","ब्राजील","अर्जेंटीना","पेरू"
"151.","फोर्ब्स की 2025 में दुनिया की शीर्ष 10 सबसे अमीर महिलाओं में शीर्ष पर हैं।","एलिस लुईस वाल्टन","सावित्री देवी जिंदल","रौशनी नादर मल्होत्रा","फाल्गुनी नायर"
"152.","आयुष मंत्रालय ने परम्परागत भारतीय चिकित्सा के क्षेत्र में अग्रणी योगदान के लिए के लिए किसे 'राष्ट्रीय धन्वंतरि आयुर्वेद पुरस्कार' से सम्मानित किया है?","वैद्य तारा चंद शर्मा","वैद्य माया राम उनियाल","वैद्य समीर गोविंद जमदग्नि","उपरोक्त सभी"
"153.","“वित्तीय साक्षरता – महिला समृद्धि"" विषय के साथ वित्तीय साक्षरता सप्ताह 2025 कब से कब तक चलेगा?","24 से 29 फरवरी","24 से 28 फरवरी","24 से 26 फरवरी","24 से 27 फरवरी"
"154.","अंतर्राष्ट्रीय सम्मेलन प्रकृति 2025 (परिवर्तनकारी पहलों को एकीकृत करने के लिए सुदृढ़ता, जागरूकता, ज्ञान और संसाधनों को बढ़ावा देना) कहाँ आयोजित किया गया?","नई दिल्ली","हैदराबाद","जयपुर","पुणे"
"155","किस संगठन ने 'विज्ञान में अधिक महिलाओं वाली दुनिया की कल्पना करें' अभियान शुरू किया है?","यूनेस्को","यूएनओ","यूएनईपी","यूएनएचआरसी"
"156","मोरक्को में आयोजित सड़क सुरक्षा पर चौथे मंत्रिस्तरीय सम्मेलन में किस देश को सर्वोच्च पुरस्कार 'प्रिंस माइकल डिकेड ऑफ एक्शन रोड सेफ्टी अवार्ड' से सम्मानित किया गया?","bharat","ब्राजील","अर्जेंटीना","पेरू"
"157","भारत और __________ सीमा बलों के बीच प्रभावी संचार के लिए एक नई 'हॉटलाइन' या संचार लिंक शुरू करने पर सहमत हुए हैं।","बांग्लादेश","नेपाल","म्यांमार","अफ़ग़ानिस्तान"
"158","हाल ही में किसे सेबी का नया अध्यक्ष नियुक्त किया गया है?","तुहिन कांत पांडे","मधबी पूरी बूच","डॉ वि नारायणन","डॉ सुब्रमण्यम"
"159","केंद्रीय वाणिज्य और उद्योग मंत्री पीयूष गोयल ने ___________ में भारत कॉलिंग सम्मेलन 2025 का किया उद्घाटन किया है।","दिल्ली","मुंबई","हैदराबाद","जयपुर"
"160","भारतीय सांस्कृतिक संबंध परिषद और दिल्ली विकास प्राधिकरण ने भारत-अंतर्राष्ट्रीय नृत्य तथा संगीत महोत्सव के किस संस्करण का आयोजन किया है?","5","7","9","10"
"161","यूनाइटेड नेशन्स कन्वेंशन ऑफ बायोलॉजिकल डायवर्सिटी (CBD) यानी जैविक विविधता पर संयुक्त राष्ट्र सम्मेलन का 16वां सत्र (COP16) का आयोजन कहाँ हुआ है?","रोम","पेरिस","लंदन","ओस्लो"
